wave,event_type,start_generation,peak_generation,end_generation,peak_prevalence,baseline_prevalence,rebound_factor,elevated_generations,requested_density,run
1,initial outbreak,237,277,357,0.0022054087102726,,,90,35.0,24
1,initial outbreak,61,111,789,0.0030397446614484,,,316,40.0,3
1,initial outbreak,29,461,758,0.0054189205890461,,,657,40.0,4
1,initial outbreak,69,69,122,0.0015464507999541,,,4,40.0,5
1,initial outbreak,33,160,297,0.0030270536993632,,,233,40.0,8
1,initial outbreak,37,171,634,0.0067948985992055,,,382,40.0,10
1,initial outbreak,56,347,1530,0.0102494184050951,,,1273,40.0,12
1,initial outbreak,29,95,196,0.0037467823434073,,,115,40.0,13
1,initial outbreak,36,191,502,0.0029639654235802,,,233,40.0,14
1,initial outbreak,61,113,331,0.0042370449719762,,,194,40.0,15
1,initial outbreak,60,152,308,0.004548568818514,,,177,40.0,16
1,initial outbreak,23,64,492,0.0031145823411753,,,350,40.0,17
2,resurgence,904,980,1450,0.0034479474235641,1.9049433279359938e-05,174.3181818181818,190,40.0,17
3,resurgence,1873,1956,2356,0.0056672064006095,7.100243313215977e-05,77.3780487804878,367,40.0,17
4,resurgence,2438,2720,2894,0.0077626440613391,0.000374927482271,20.04618937644342,400,40.0,17
1,initial outbreak,51,94,313,0.0024274628235024,,,93,40.0,21
1,initial outbreak,61,341,816,0.005153458543289,,,557,40.0,23
1,initial outbreak,24,231,1633,0.0051444739775357,,,1208,40.0,24
1,initial outbreak,39,113,1197,0.005509405137019,,,881,40.0,25
1,initial outbreak,45,106,580,0.0042572601490041,,,118,40.0,26
1,initial outbreak,50,587,1702,0.0056526207605344,,,1412,40.0,27
1,initial outbreak,57,234,408,0.003403955071607,,,256,40.0,29
1,initial outbreak,84,635,739,0.003911119569872,,,395,40.0,30
2,resurgence,863,936,1067,0.003302088785269,0.0003693979332747,8.660421545667447,158,40.0,30
1,initial outbreak,73,250,379,0.0028533064786841,,,128,41.0,3
2,resurgence,642,655,843,0.0016597665137443,3.729812390436761e-05,42.977272727272734,19,41.0,3
1,initial outbreak,105,223,500,0.0028094852688082,,,253,41.0,4
1,initial outbreak,56,344,775,0.006990790798255,,,637,41.0,5
1,initial outbreak,39,132,258,0.0024746948496576,,,152,41.0,9
1,initial outbreak,87,344,455,0.0040641711229946,,,324,41.0,10
2,resurgence,640,923,1019,0.0029109509416414,5.833738454059309e-05,47.5072463768116,189,41.0,10
1,initial outbreak,27,659,1920,0.0231637262739119,,,1772,41.0,12
1,initial outbreak,33,2065,3386,0.0123098868120264,,,3229,41.0,14
2,resurgence,3722,3727,3876,0.0017784035123469,9.430927716991332e-05,17.57142857142857,31,41.0,14
1,initial outbreak,38,522,1015,0.0081381722130247,,,921,41.0,15
1,initial outbreak,94,103,199,0.0017192509641745,,,46,41.0,16
1,initial outbreak,178,964,2890,0.0094532923535438,,,2540,41.0,17
1,initial outbreak,33,543,1317,0.0128203931089219,,,1146,41.0,18
1,initial outbreak,59,909,1830,0.0154496347504828,,,1497,41.0,20
1,initial outbreak,29,210,509,0.0040035920077826,,,225,41.0,21
1,initial outbreak,127,1222,2301,0.0076757638682883,,,1878,41.0,22
1,initial outbreak,85,567,1640,0.0173507306306054,,,1470,41.0,23
1,initial outbreak,46,101,232,0.0032111119408557,,,118,41.0,24
1,initial outbreak,38,1037,2975,0.013757106906515,,,2614,41.0,25
1,initial outbreak,39,442,1319,0.0093451848539057,,,1190,41.0,27
1,initial outbreak,59,399,1395,0.0074872577104803,,,1118,41.0,28
2,resurgence,1817,2508,3683,0.0075709661817775,6.0033348102100665e-05,122.64788732394364,1738,41.0,28
1,initial outbreak,124,258,831,0.0053454446905342,,,609,41.0,29
1,initial outbreak,24,637,2085,0.0158254361304015,,,1878,41.0,30
1,initial outbreak,51,977,3102,0.0356828952256684,,,2923,42.0,1
1,initial outbreak,150,1124,2604,0.0366835588146989,,,2382,42.0,2
1,initial outbreak,39,981,3879,0.0226290062716755,,,3744,42.0,3
1,initial outbreak,33,744,2794,0.0515353756712457,,,2602,42.0,4
1,initial outbreak,42,50,118,0.0017877561391727,,,21,42.0,5
2,resurgence,368,1098,2348,0.0406374212752055,8.497410352320783e-05,475.0194174757282,1822,42.0,5
3,resurgence,2495,2626,2823,0.0047371000235947,0.0004149706220599,11.123260437375745,236,42.0,5
1,initial outbreak,37,909,2789,0.0325011775788977,,,2663,42.0,6
1,initial outbreak,75,1656,3157,0.0328124288122465,,,2911,42.0,7
1,initial outbreak,40,67,139,0.0027444066810854,,,59,42.0,8
1,initial outbreak,62,367,618,0.0033897072855987,,,342,42.0,9
1,initial outbreak,71,1168,2372,0.03623985384077,,,2222,42.0,10
1,initial outbreak,45,1002,3173,0.0396752853018634,,,3000,42.0,11
1,initial outbreak,47,1425,2967,0.0247890295358649,,,2627,42.0,12
1,initial outbreak,77,1340,3200,0.0362160446238265,,,2926,42.0,13
1,initial outbreak,64,1303,3509,0.0402969247083775,,,3214,42.0,14
1,initial outbreak,52,842,2837,0.045097186747097,,,2692,42.0,15
1,initial outbreak,44,111,621,0.0041881003323166,,,223,42.0,16
1,initial outbreak,66,826,2656,0.0450366810478218,,,2520,42.0,17
2,resurgence,2707,2880,3279,0.0061711539511768,0.0003872485987061,15.64102564102564,447,42.0,17
1,initial outbreak,40,1131,2703,0.0286435319734336,,,2585,42.0,18
1,initial outbreak,59,878,2497,0.0341606208722206,,,2394,42.0,19
1,initial outbreak,159,2909,3682,0.0262728771715662,,,3294,42.0,21
1,initial outbreak,37,1728,3569,0.0265915831225778,,,3374,42.0,22
1,initial outbreak,35,1125,3930,0.0283660296623998,,,3764,42.0,23
1,initial outbreak,61,1179,2737,0.0363782761709172,,,2617,42.0,24
1,initial outbreak,29,1204,2644,0.0310779982618771,,,2577,42.0,25
1,initial outbreak,29,906,3129,0.027116342236306,,,2926,42.0,26
2,resurgence,3407,3499,3754,0.0040923494794024,4.280011523107947e-05,93.38461538461536,171,42.0,26
1,initial outbreak,29,742,2782,0.0293397197155267,,,2659,42.0,27
1,initial outbreak,38,1020,3195,0.0291955566849384,,,3090,42.0,28
2,resurgence,3623,3654,3726,0.0022143972120376,6.187771643175136e-05,34.866666666666674,53,42.0,28
1,initial outbreak,38,2103,5032,0.0317094211123723,,,4724,42.0,29
1,initial outbreak,38,773,2421,0.0488867551948404,,,2275,42.0,30
1,initial outbreak,25,601,3171,0.0620182416980848,,,2919,43.0,1
1,initial outbreak,43,879,3597,0.047944291774499,,,3204,43.0,2
1,initial outbreak,38,48,198,0.0022744031912719,,,72,43.0,3
2,resurgence,510,1225,3313,0.0587791074744351,0.0001986872106011,291.8821138211382,2758,43.0,3
1,initial outbreak,35,748,3160,0.0587127241855035,,,3023,43.0,4
1,initial outbreak,34,846,3958,0.0498683242150438,,,3745,43.0,5
2,resurgence,4463,4604,4914,0.002748787430061,8.867056226003528e-06,300.3636363636364,287,43.0,5
1,initial outbreak,44,797,3497,0.0737116186798685,,,3339,43.0,6
1,initial outbreak,37,637,3099,0.0503094394573044,,,2662,43.0,7
1,initial outbreak,53,690,2770,0.0542413381123058,,,2504,43.0,8
1,initial outbreak,31,689,3316,0.0536966291138903,,,3000,43.0,9
1,initial outbreak,54,761,2767,0.0524181050133281,,,2646,43.0,10
1,initial outbreak,23,626,2986,0.0618809471121929,,,2755,43.0,11
1,initial outbreak,40,896,2843,0.043410357434423,,,2735,43.0,12
1,initial outbreak,26,788,3371,0.0609948572441922,,,3234,43.0,13
1,initial outbreak,66,728,2590,0.0648547611243499,,,2485,43.0,14
1,initial outbreak,45,795,3841,0.0627306927881885,,,3727,43.0,15
2,resurgence,3892,4177,4542,0.0066812180579216,0.0003403928552991,19.22748815165877,505,43.0,15
1,initial outbreak,75,754,2561,0.0614018716506252,,,2268,43.0,16
1,initial outbreak,86,713,3567,0.0490139494410456,,,3312,43.0,18
1,initial outbreak,86,759,2468,0.0635183503392275,,,2323,43.0,19
1,initial outbreak,38,733,3712,0.0632005091397659,,,3415,43.0,20
1,initial outbreak,64,648,2623,0.043785084202085,,,2312,43.0,21
2,resurgence,2782,2991,3546,0.0031542368350708,0.0001830656201145,16.641592920353986,531,43.0,21
3,resurgence,3836,4102,4387,0.0019513499064421,0.0001385142523875,13.824561403508772,117,43.0,21
1,initial outbreak,21,1250,3933,0.044611511046491,,,3575,43.0,22
1,initial outbreak,21,611,3880,0.0662169202377063,,,3827,43.0,23
1,initial outbreak,29,735,2575,0.0572506882159666,,,2482,43.0,24
2,resurgence,2674,2705,2970,0.0020335671787585,0.0001897134922621,10.429787234042552,71,43.0,24
1,initial outbreak,72,675,3397,0.049588535754824,,,3210,43.0,25
1,initial outbreak,28,753,2878,0.052645131501838,,,2804,43.0,26
1,initial outbreak,51,671,3449,0.0574379432624113,,,3211,43.0,27
1,initial outbreak,31,698,3021,0.0560534549504162,,,2701,43.0,28
1,initial outbreak,31,896,2922,0.0387898557790325,,,2775,43.0,29
1,initial outbreak,33,641,3109,0.0491614060321941,,,3012,43.0,30
1,initial outbreak,29,566,2809,0.0802136722537747,,,2720,44.0,1
1,initial outbreak,22,570,3557,0.0804626494368046,,,3418,44.0,2
1,initial outbreak,26,567,3585,0.0744118183476199,,,3460,44.0,3
1,initial outbreak,40,610,3127,0.0842334487216192,,,2914,44.0,4
1,initial outbreak,35,725,3231,0.0618032076289553,,,3066,44.0,5
1,initial outbreak,30,666,3509,0.0725845494155889,,,3427,44.0,6
1,initial outbreak,85,771,3581,0.0799105362622882,,,3445,44.0,7
1,initial outbreak,30,645,2861,0.0699252812787129,,,2770,44.0,8
1,initial outbreak,26,648,3654,0.0689091757871258,,,3458,44.0,9
2,resurgence,4386,4391,4539,0.0020056365302488,8.644985044175873e-06,227.72727272727272,25,44.0,9
1,initial outbreak,22,573,2799,0.0680353884338974,,,2727,44.0,10
1,initial outbreak,31,680,3334,0.0787259095080604,,,3206,44.0,11
1,initial outbreak,31,597,3157,0.066583842297768,,,2867,44.0,12
1,initial outbreak,26,609,2973,0.0802403829477262,,,2793,44.0,13
1,initial outbreak,22,663,3682,0.0748739851808301,,,3118,44.0,14
1,initial outbreak,29,581,3515,0.0754779226642126,,,3314,44.0,15
1,initial outbreak,78,656,3679,0.0705186572664915,,,3535,44.0,16
1,initial outbreak,45,764,3368,0.0660572895437476,,,3169,44.0,17
1,initial outbreak,27,543,3074,0.0844826840762678,,,2956,44.0,18
1,initial outbreak,76,698,3298,0.0627982505521153,,,3137,44.0,19
1,initial outbreak,28,612,3947,0.0697946654642572,,,3717,44.0,20
1,initial outbreak,49,673,3787,0.0698797897621814,,,3592,44.0,21
1,initial outbreak,41,648,2934,0.0781589494550774,,,2671,44.0,22
1,initial outbreak,94,707,3310,0.0742909106655696,,,3094,44.0,23
1,initial outbreak,25,536,3905,0.0815217860690072,,,3788,44.0,24
1,initial outbreak,57,690,3431,0.0732956076529237,,,3117,44.0,25
1,initial outbreak,54,641,3915,0.0636547819009853,,,3597,44.0,26
1,initial outbreak,23,678,3667,0.0649359628048464,,,3546,44.0,27
1,initial outbreak,30,626,3285,0.0795341040362016,,,3152,44.0,28
1,initial outbreak,146,797,3173,0.0586833015773584,,,2721,44.0,29
1,initial outbreak,23,553,3453,0.0738591583450975,,,3377,44.0,30
1,initial outbreak,30,567,3474,0.0828865909533609,,,3370,45.0,1
1,initial outbreak,30,645,4142,0.0841127835488658,,,3938,45.0,2
1,initial outbreak,33,577,3634,0.0891718122287432,,,3502,45.0,3
1,initial outbreak,53,533,4193,0.0846258988530338,,,3658,45.0,4
1,initial outbreak,33,537,3578,0.0777087447766127,,,3418,45.0,5
1,initial outbreak,19,491,3618,0.075219024841191,,,3406,45.0,6
1,initial outbreak,34,528,3791,0.0824127414435784,,,3564,45.0,7
1,initial outbreak,17,531,3345,0.0837553564472146,,,3198,45.0,8
1,initial outbreak,24,499,3539,0.0901735380017659,,,3447,45.0,9
1,initial outbreak,24,534,3342,0.0843835755666226,,,3245,45.0,10
1,initial outbreak,33,509,4005,0.0886211943050985,,,3544,45.0,11
2,resurgence,4140,4200,4337,0.0032230503083469,0.0003775990697681,8.35641547861507,121,45.0,11
1,initial outbreak,21,534,4439,0.0768699301415082,,,4188,45.0,12
1,initial outbreak,54,569,3683,0.0845494144167048,,,3542,45.0,13
1,initial outbreak,49,546,3437,0.0844128354923376,,,3159,45.0,14
1,initial outbreak,123,598,3242,0.0847946029781932,,,3050,45.0,15
1,initial outbreak,27,580,3727,0.0857084621394843,,,3455,45.0,16
1,initial outbreak,27,536,5123,0.0888069506251324,,,4574,45.0,17
1,initial outbreak,32,556,3664,0.0855279914421068,,,3261,45.0,18
1,initial outbreak,32,517,3581,0.0782549767047861,,,3484,45.0,19
1,initial outbreak,54,536,3462,0.0921977377603657,,,3351,45.0,20
2,resurgence,3610,3732,4034,0.0032803324523459,0.0003368405438584,9.447247706422017,323,45.0,20
1,initial outbreak,26,533,4018,0.0763340613765966,,,3706,45.0,21
1,initial outbreak,30,572,4064,0.0760098450846966,,,3914,45.0,22
1,initial outbreak,33,536,3681,0.0796185935637663,,,3508,45.0,23
1,initial outbreak,20,472,3549,0.0839555236122267,,,3319,45.0,24
1,initial outbreak,23,537,3856,0.0832605506609797,,,3633,45.0,25
1,initial outbreak,43,595,3293,0.0921514735074057,,,3130,45.0,26
2,resurgence,3508,3770,3897,0.0038088936394021,0.0002676019625172,14.054755043227669,341,45.0,26
1,initial outbreak,24,558,3081,0.0750004260903652,,,2922,45.0,27
1,initial outbreak,30,535,3666,0.0857907938444851,,,3547,45.0,28
1,initial outbreak,56,545,3773,0.0848884476013476,,,3509,45.0,29
1,initial outbreak,24,569,3648,0.0863704105134805,,,3486,45.0,30
1,initial outbreak,30,424,5054,0.1133354687166346,,,4718,50.0,1
1,initial outbreak,21,411,4679,0.1153887203256743,,,4587,50.0,2
1,initial outbreak,23,429,4445,0.1181987596615036,,,4373,50.0,3
1,initial outbreak,20,403,4683,0.1126189111747851,,,4565,50.0,4
1,initial outbreak,23,407,4809,0.1215169040162754,,,4613,50.0,5
2,resurgence,5152,5680,6001,0.0047393726045976,3.1863656797938e-05,147.06521739130437,373,50.0,5
1,initial outbreak,25,411,4808,0.1175070198998901,,,4653,50.0,6
1,initial outbreak,22,419,4650,0.1145710076110937,,,4479,50.0,7
1,initial outbreak,27,414,5410,0.1163525371995421,,,5296,50.0,8
1,initial outbreak,45,429,5125,0.1209347733235707,,,4867,50.0,9
1,initial outbreak,22,395,4110,0.1106367052641227,,,3966,50.0,10
2,resurgence,4435,4477,4547,0.00220738749198,0.0001208195733263,17.902298850574716,62,50.0,10
3,resurgence,4782,4785,5068,0.0015963459717087,6.943653639446617e-05,22.380000000000003,17,50.0,10
1,initial outbreak,18,406,4941,0.1083127848478139,,,4759,50.0,11
1,initial outbreak,24,407,5596,0.1119906477073893,,,5446,50.0,12
2,resurgence,5799,5805,5907,0.0016351230544709,0.0001007191346211,15.53103448275862,17,50.0,12
1,initial outbreak,28,419,4927,0.1189386239100031,,,4769,50.0,13
1,initial outbreak,24,416,5072,0.1186775190477647,,,4974,50.0,14
1,initial outbreak,21,396,5292,0.117327046184601,,,4992,50.0,15
1,initial outbreak,22,401,5185,0.1192315294904739,,,4943,50.0,16
1,initial outbreak,22,407,5491,0.1185329917207088,,,5090,50.0,17
2,resurgence,5782,5884,6396,0.0024328495510632,5.805663701400892e-05,40.80952380952382,321,50.0,17
1,initial outbreak,21,424,5129,0.1185442786980262,,,4892,50.0,18
1,initial outbreak,24,415,4885,0.1160593894979012,,,4699,50.0,19
1,initial outbreak,29,416,4610,0.1178945763616267,,,4071,50.0,20
1,initial outbreak,20,420,5167,0.1155662540119211,,,5042,50.0,21
1,initial outbreak,28,406,5023,0.1135900787257971,,,4917,50.0,22
1,initial outbreak,25,411,4722,0.1183277627784958,,,4605,50.0,23
1,initial outbreak,22,424,5266,0.1177473359120583,,,4989,50.0,24
1,initial outbreak,38,409,4371,0.1156341733063932,,,4190,50.0,25
1,initial outbreak,21,408,4710,0.1137699444262332,,,4632,50.0,26
1,initial outbreak,20,406,5197,0.1182586985149155,,,4909,50.0,27
1,initial outbreak,25,408,4438,0.1100025229936466,,,4342,50.0,28
1,initial outbreak,25,406,4542,0.112771448642375,,,4277,50.0,29
1,initial outbreak,27,401,4445,0.115349099872555,,,4174,50.0,30
1,initial outbreak,19,361,5675,0.1388072253150128,,,5548,55.0,1
1,initial outbreak,20,356,5636,0.1344251819747735,,,5429,55.0,2
1,initial outbreak,19,356,5074,0.1356936035798894,,,4894,55.0,3
1,initial outbreak,22,367,5118,0.1360938942371093,,,5049,55.0,4
1,initial outbreak,17,365,6152,0.1399146447920852,,,5980,55.0,5
2,resurgence,6309,6517,6667,0.0046973077082958,0.0001606078661323,28.74117647058824,265,55.0,5
3,resurgence,6886,7154,8149,0.0029791184580637,0.0002701991159639,10.776223776223777,709,55.0,5
1,initial outbreak,20,368,5646,0.1371804307675216,,,5568,55.0,6
1,initial outbreak,19,361,6027,0.1393276855397488,,,5914,55.0,7
1,initial outbreak,18,361,5667,0.1364690202829337,,,5608,55.0,8
1,initial outbreak,19,358,5604,0.1386387289252758,,,5304,55.0,9
1,initial outbreak,19,353,5946,0.132957102794031,,,5591,55.0,10
1,initial outbreak,19,363,5791,0.1387949392458975,,,5596,55.0,11
1,initial outbreak,21,362,5713,0.1424747629244417,,,5271,55.0,12
1,initial outbreak,22,370,5375,0.1411242192921582,,,5275,55.0,13
1,initial outbreak,21,359,6303,0.1385135135135135,,,6075,55.0,14
1,initial outbreak,22,364,5707,0.1385899208593603,,,5444,55.0,15
1,initial outbreak,20,355,5369,0.1386573271378043,,,5291,55.0,16
1,initial outbreak,17,360,6130,0.1392415595942226,,,5978,55.0,17
1,initial outbreak,27,377,6088,0.1398614036185193,,,5820,55.0,18
1,initial outbreak,19,364,5847,0.1380263776370724,,,5726,55.0,19
1,initial outbreak,16,364,6490,0.1373888414519857,,,6422,55.0,20
1,initial outbreak,20,368,5350,0.1375962806189716,,,5180,55.0,21
1,initial outbreak,17,361,5931,0.1353169253859944,,,5833,55.0,22
1,initial outbreak,18,361,5739,0.1336567876967373,,,5646,55.0,23
1,initial outbreak,20,366,5866,0.1320851358366499,,,5782,55.0,24
1,initial outbreak,20,352,5327,0.1390402274025666,,,5205,55.0,25
2,resurgence,6384,6510,6731,0.0022503378990343,6.966990399487229e-06,310.0,209,55.0,25
1,initial outbreak,20,361,6073,0.1342757891974392,,,5705,55.0,26
2,resurgence,6412,6475,6784,0.0031975358945849,2.7624500169200065e-05,113.70454545454548,246,55.0,26
1,initial outbreak,18,372,5713,0.1409677553798919,,,5495,55.0,27
1,initial outbreak,22,370,5583,0.1385012884002306,,,5441,55.0,28
1,initial outbreak,20,362,5589,0.1396629851863143,,,5414,55.0,29
1,initial outbreak,17,347,6749,0.137375929663524,,,6493,55.0,30
1,initial outbreak,15,330,6215,0.1533189515282259,,,6005,60.0,1
1,initial outbreak,19,344,7044,0.1501855476196528,,,6931,60.0,2
1,initial outbreak,18,330,6422,0.1474518542097724,,,6057,60.0,3
1,initial outbreak,16,339,6563,0.160268044115594,,,6395,60.0,4
1,initial outbreak,16,335,6644,0.155154442608364,,,6412,60.0,5
1,initial outbreak,15,335,7002,0.1564150979382426,,,6654,60.0,6
1,initial outbreak,17,336,6573,0.1550263236632862,,,6433,60.0,7
1,initial outbreak,19,337,6579,0.1549728084363895,,,6332,60.0,8
1,initial outbreak,22,334,6902,0.158354644853823,,,6815,60.0,9
1,initial outbreak,15,326,6312,0.1512003253396368,,,5913,60.0,10
2,resurgence,6610,6768,6817,0.0018808697751852,0.0001039792873259,17.45,135,60.0,10
1,initial outbreak,16,326,6132,0.1500152551422542,,,6008,60.0,11
1,initial outbreak,16,335,6562,0.1572410466658627,,,6241,60.0,12
1,initial outbreak,17,336,6006,0.1525792753964565,,,5779,60.0,13
1,initial outbreak,16,335,6177,0.1532676562688567,,,5864,60.0,14
1,initial outbreak,17,339,6313,0.1511337731691674,,,6045,60.0,15
1,initial outbreak,20,337,6231,0.1563119755911517,,,6160,60.0,16
1,initial outbreak,19,330,6004,0.1512230573565131,,,5833,60.0,17
1,initial outbreak,18,335,6381,0.1534201457329247,,,6301,60.0,18
1,initial outbreak,18,337,6661,0.1530867179901209,,,6550,60.0,19
1,initial outbreak,18,339,6520,0.1550723900155212,,,6369,60.0,20
1,initial outbreak,17,336,6587,0.154422769509034,,,6305,60.0,21
1,initial outbreak,17,333,5878,0.1541930874341341,,,5733,60.0,22
1,initial outbreak,19,335,6580,0.1500653011817921,,,6293,60.0,23
1,initial outbreak,18,332,6800,0.1511727552607357,,,6560,60.0,24
2,resurgence,7394,7502,7815,0.0027993779160186,5.251358284017692e-05,51.6923076923077,352,60.0,24
1,initial outbreak,17,337,6774,0.1508151050445557,,,6513,60.0,25
2,resurgence,7178,7346,7451,0.0031548349754164,6.3605543859202765e-06,486.3636363636364,216,60.0,25
1,initial outbreak,20,334,6589,0.152034968678128,,,6519,60.0,26
1,initial outbreak,18,336,5819,0.154106516856792,,,5680,60.0,27
1,initial outbreak,17,336,7370,0.1528626588590278,,,7109,60.0,28
2,resurgence,7785,7804,7876,0.0021159894648016,0.0001226239431675,16.815165876777254,45,60.0,28
1,initial outbreak,16,333,6852,0.1516400229284759,,,6555,60.0,29
1,initial outbreak,16,342,6757,0.1508591633491472,,,6642,60.0,30
