requested_density,run,initial_population,initial_susceptible,final_susceptible,final_recovered,final_healthy_density,mortality_fraction,infection_episodes,infection_episodes_per_initial_population,peak_infectious,peak_prevalence,duration_generations,time_to_peak,wave_count,resurgence_count
30.0,1,78427.0,78415.0,78426.0,0.0,0.2991714477539062,1.2750710852130006e-05,91.0,0.0011603146875438,38.0,0.0004845270123809,154.0,13.0,0,0
30.0,2,78844.0,78832.0,78844.0,0.0,0.3007659912109375,0.0,24.0,0.0003043985591801,22.0,0.0002790320125818,118.0,7.0,0,0
30.0,3,78844.0,78832.0,78843.0,1.0,0.3007659912109375,0.0,25.0,0.0003170818324793,19.0,0.0002409821926842,119.0,6.0,0,0
30.0,4,78788.0,78776.0,78788.0,0.0,0.3005523681640625,0.0,14.0,0.0001776920343199,14.0,0.0001776920343199,119.0,2.0,0,0
30.0,5,78779.0,78767.0,78778.0,0.0,0.3005142211914062,1.269373817895632e-05,59.0,0.0007489305525584,32.0,0.0004061996217266,119.0,19.0,0,0
30.0,6,78666.0,78654.0,78666.0,0.0,0.3000869750976562,0.0,62.0,0.0007881422723921,26.0,0.0003305112755192,119.0,9.0,0,0
30.0,7,78859.0,78847.0,78859.0,0.0,0.3008232116699219,0.0,66.0,0.0008369368112707,18.0,0.0002282554939829,402.0,10.0,0,0
30.0,8,78498.0,78486.0,78497.0,1.0,0.2994461059570312,0.0,51.0,0.0006496980814797,34.0,0.0004331320543198,119.0,24.0,0,0
30.0,9,78856.0,78844.0,78855.0,0.0,0.3008079528808594,1.2681343207872578e-05,108.0,0.0013695850664502,52.0,0.0006594298468093,145.0,17.0,0,0
30.0,10,78417.0,78405.0,78416.0,0.0,0.29913330078125,1.2752336865730646e-05,26.0,0.0003315607585089,20.0,0.0002550467373146,119.0,11.0,0,0
30.0,11,78488.0,78476.0,78485.0,0.0,0.2993965148925781,3.822240342472735e-05,39.0,0.0004968912445214,25.0,0.0003185200285393,119.0,8.0,0,0
30.0,12,78525.0,78513.0,78523.0,0.0,0.2995414733886719,2.546959567016873e-05,90.0,0.0011461318051575,38.0,0.0004839223177332,195.0,25.0,0,0
30.0,13,78853.0,78841.0,78852.0,0.0,0.3007965087890625,1.2681825675624264e-05,75.0,0.0009511369256718,43.0,0.0005453185040518,150.0,15.0,0,0
30.0,14,78379.0,78367.0,78378.0,0.0,0.2989883422851562,1.2758519501397055e-05,26.0,0.0003317215070363,22.0,0.0002806874290307,119.0,8.0,0,0
30.0,15,78443.0,78431.0,78443.0,0.0,0.2992362976074219,0.0,52.0,0.0006629017248192,27.0,0.0003441989725023,119.0,21.0,0,0
30.0,16,78563.0,78551.0,78563.0,0.0,0.2996940612792969,0.0,13.0,0.000165472296119,14.0,0.000178200934282,119.0,2.0,0,0
30.0,17,78471.0,78459.0,78471.0,0.0,0.2993431091308594,0.0,20.0,0.0002548712263129,17.0,0.0002166405423659,119.0,9.0,0,0
30.0,18,78629.0,78617.0,78627.0,1.0,0.2999420166015625,1.2717953935570844e-05,45.0,0.0005723079271006,27.0,0.0003433847562604,137.0,8.0,0,0
30.0,19,78681.0,78669.0,78681.0,0.0,0.3001441955566406,0.0,46.0,0.0005846392394606,22.0,0.0002796100710463,175.0,13.0,0,0
30.0,20,78515.0,78503.0,78514.0,0.0,0.2995071411132812,1.2736419792396357e-05,43.0,0.000547666051073,27.0,0.0003438833343947,152.0,9.0,0,0
30.0,21,78751.0,78739.0,78750.0,0.0,0.3004074096679687,1.2698251450775228e-05,29.0,0.0003682492920724,24.0,0.0003047580348186,119.0,3.0,0,0
30.0,22,78311.0,78299.0,78309.0,1.0,0.2987289428710937,1.2769598140746511e-05,33.0,0.0004213967386446,23.0,0.0002937007572371,119.0,11.0,0,0
30.0,23,78816.0,78804.0,78816.0,0.0,0.3006591796875,0.0,12.0,0.0001522533495736,14.0,0.0001776289078359,119.0,2.0,0,0
30.0,24,78449.0,78437.0,78447.0,0.0,0.2992515563964844,2.5494270162780917e-05,129.0,0.0016443804254993,32.0,0.0004079083226044,425.0,21.0,0,0
30.0,25,78517.0,78505.0,78513.0,0.0,0.2995033264160156,5.094438147152846e-05,70.0,0.0008915266757517,38.0,0.0004839716239795,195.0,13.0,0,0
30.0,26,78481.0,78469.0,78481.0,0.0,0.2993812561035156,0.0,15.0,0.0001911290630853,15.0,0.0001911290630853,119.0,5.0,0,0
30.0,27,78355.0,78343.0,78355.0,0.0,0.2989006042480469,0.0,27.0,0.0003445855401697,21.0,0.0002680109756875,119.0,9.0,0,0
30.0,28,78738.0,78726.0,78735.0,0.0,0.3003501892089844,3.810104396860474e-05,108.0,0.0013716375828697,31.0,0.0003937107876755,410.0,11.0,0,0
30.0,29,78848.0,78836.0,78847.0,0.0,0.3007774353027344,1.2682629870129873e-05,22.0,0.0002790178571428,14.0,0.0001775568181818,119.0,16.0,0,0
30.0,30,78918.0,78906.0,78917.0,1.0,0.3010482788085937,0.0,81.0,0.0010263818140348,43.0,0.0005448693580678,119.0,14.0,0,0
35.0,1,92052.0,92040.0,92048.0,1.0,0.3511390686035156,3.259027506192152e-05,258.0,0.0028027636553252,76.0,0.0008256203015686,204.0,22.0,0,0
35.0,2,91715.0,91703.0,91712.0,1.0,0.3498573303222656,2.1806683748568937e-05,143.0,0.0015591778880226,57.0,0.0006214904868342,195.0,21.0,0,0
35.0,3,91777.0,91765.0,91776.0,1.0,0.3501014709472656,0.0,70.0,0.0007627183281214,40.0,0.0004358390446408,119.0,9.0,0,0
35.0,4,92044.0,92032.0,92044.0,0.0,0.3511199951171875,0.0,33.0,0.0003585241840858,21.0,0.0002281517535091,119.0,3.0,0,0
35.0,5,91997.0,91985.0,91994.0,0.0,0.3509292602539062,3.2609759013880887e-05,152.0,0.0016522277900366,49.0,0.0005326260638933,272.0,28.0,0,0
35.0,6,91737.0,91725.0,91735.0,0.0,0.3499412536621094,2.180145415699227e-05,143.0,0.0015588039722249,35.0,0.0003815254477473,404.0,22.0,0,0
35.0,7,91796.0,91784.0,91792.0,0.0,0.35015869140625,4.357488343718681e-05,170.0,0.0018519325460804,67.0,0.0007298792975728,163.0,36.0,0,0
35.0,8,92247.0,92235.0,92238.0,2.0,0.35186767578125,7.58832265547931e-05,422.0,0.0045746745151603,112.0,0.0012141316248766,290.0,38.0,0,0
35.0,9,91832.0,91820.0,91832.0,0.0,0.350311279296875,0.0,72.0,0.0007840404216395,36.0,0.0003920202108197,119.0,23.0,0,0
35.0,10,91805.0,91793.0,91804.0,0.0,0.3502044677734375,1.0892652905615162e-05,186.0,0.0020260334404444,72.0,0.0007842710092042,146.0,23.0,0,0
35.0,11,92138.0,92126.0,92136.0,0.0,0.351470947265625,2.170657057891424e-05,115.0,0.0012481278082875,43.0,0.0004666912674466,216.0,37.0,0,0
35.0,12,91563.0,91551.0,91558.0,1.0,0.3492698669433594,4.368576826884222e-05,145.0,0.0015836090997455,64.0,0.0006989722923014,136.0,30.0,0,0
35.0,13,91711.0,91699.0,91708.0,1.0,0.3498420715332031,2.1807634852962023e-05,183.0,0.001995398589046,54.0,0.0005888061410299,157.0,41.0,0,0
35.0,14,91621.0,91609.0,91619.0,1.0,0.3495025634765625,1.0914528328658276e-05,55.0,0.0006002990580762,29.0,0.000316521321531,119.0,9.0,0,0
35.0,15,91357.0,91345.0,91353.0,0.0,0.3484840393066406,4.378427487767768e-05,83.0,0.0009085237037118,44.0,0.0004816270236544,131.0,13.0,0,0
35.0,16,91549.0,91537.0,91549.0,0.0,0.3492317199707031,0.0,51.0,0.0005570787228697,32.0,0.0003495395908202,119.0,11.0,0,0
35.0,17,92096.0,92084.0,92093.0,0.0,0.3513069152832031,3.257470465601112e-05,203.0,0.0022042216817234,63.0,0.0006840687977762,243.0,23.0,0,0
35.0,18,92360.0,92348.0,92360.0,0.0,0.352325439453125,0.0,140.0,0.0015158077089649,50.0,0.0005413598960589,244.0,39.0,0,0
35.0,19,91813.0,91801.0,91805.0,3.0,0.3502197265625,5.445851894611874e-05,315.0,0.0034308866936054,62.0,0.0006752856349318,239.0,151.0,0,0
35.0,20,91665.0,91653.0,91661.0,0.0,0.3496589660644531,4.36371570392189e-05,327.0,0.0035673375879561,96.0,0.0010472917689412,541.0,35.0,0,0
35.0,21,91936.0,91924.0,91935.0,0.0,0.3507041931152344,1.08771319178559e-05,59.0,0.0006417507831534,35.0,0.0003806996171249,127.0,8.0,0,0
35.0,22,92035.0,92023.0,92033.0,0.0,0.3510780334472656,2.1730863258542944e-05,137.0,0.0014885641332101,30.0,0.0003259629488781,416.0,11.0,0,0
35.0,23,91713.0,91701.0,91710.0,0.0,0.3498458862304687,3.2710738935592555e-05,517.0,0.0056371506765671,66.0,0.000719636256583,713.0,288.0,0,0
35.0,24,91593.0,91581.0,91554.0,3.0,0.3492622375488281,0.0003930431364842,1828.0,0.0199578570414769,202.0,0.0022054087102726,500.0,276.0,1,0
35.0,25,92025.0,92013.0,92024.0,0.0,0.351043701171875,1.0866612333604998e-05,242.0,0.0026297201847324,44.0,0.0004781309426786,416.0,33.0,0,0
35.0,26,91860.0,91848.0,91854.0,2.0,0.35040283203125,4.3544524276072285e-05,232.0,0.0025255824080121,80.0,0.0008708904855214,256.0,39.0,0,0
35.0,27,91471.0,91459.0,91467.0,0.0,0.3489189147949219,4.3729706682992426e-05,187.0,0.0020443637874298,59.0,0.0006450131735741,295.0,22.0,0,0
35.0,28,91603.0,91591.0,91603.0,0.0,0.3494377136230469,0.0,63.0,0.0006877504011877,26.0,0.0002838334989028,295.0,7.0,0,0
35.0,29,91668.0,91656.0,91667.0,0.0,0.3496818542480469,1.0908932233712964e-05,29.0,0.0003163590347776,20.0,0.0002181786446742,119.0,6.0,0,0
35.0,30,91641.0,91629.0,91639.0,0.0,0.3495750427246094,2.182429262011545e-05,137.0,0.0014949640444779,46.0,0.0005019587302626,127.0,35.0,0,0
40.0,1,104872.0,104860.0,104871.0,0.0,0.4000511169433594,9.53543367152338e-06,36.0,0.0003432756121748,26.0,0.0002479212754596,119.0,11.0,0,0
40.0,2,105073.0,105061.0,105065.0,0.0,0.4007911682128906,7.613754247047291e-05,414.0,0.0039401178228469,102.0,0.0009707536664985,416.0,51.0,0,0
40.0,3,105272.0,105260.0,105129.0,2.0,0.4010429382324219,0.0013393874914507,6873.0,0.0652880158066722,320.0,0.0030397446614484,1153.0,110.0,1,0
40.0,4,105187.0,105175.0,104954.0,2.0,0.4003753662109375,0.0021960888702976,13387.0,0.1272685788167739,570.0,0.0054189205890461,1103.0,460.0,1,0
40.0,5,104756.0,104744.0,104738.0,0.0,0.3995437622070312,0.0001718278666615,789.0,0.0075317881553323,164.0,0.0015655427851387,424.0,67.0,1,0
40.0,6,104765.0,104753.0,104762.0,0.0,0.3996353149414062,2.8635517586980385e-05,362.0,0.0034553524554956,84.0,0.0008017944924354,470.0,20.0,0,0
40.0,7,104601.0,104589.0,104582.0,0.0,0.3989486694335937,0.0001816426229194,751.0,0.0071796636743434,120.0,0.0011472165658072,334.0,34.0,0,0
40.0,8,105383.0,105371.0,105322.0,0.0,0.4017715454101562,0.0005788409895334,3270.0,0.031029672717611,319.0,0.0030270536993632,612.0,159.0,1,0
40.0,9,104770.0,104758.0,104758.0,3.0,0.3996315002441406,8.590245299226878e-05,487.0,0.0046482771785816,97.0,0.0009258375489166,275.0,36.0,0,0
40.0,10,105226.0,105214.0,105028.0,1.0,0.4006538391113281,0.001872160872788,9832.0,0.093436983255089,715.0,0.0067948985992055,986.0,170.0,1,0
40.0,11,104640.0,104628.0,104632.0,2.0,0.3991470336914062,5.733944954128441e-05,386.0,0.0036888379204892,84.0,0.0008027522935779,259.0,89.0,0,0
40.0,12,104884.0,104872.0,104167.0,4.0,0.3973808288574219,0.0067979863468212,36859.0,0.3514263376682811,1075.0,0.0102494184050951,2002.0,346.0,1,0
40.0,13,104890.0,104878.0,104835.0,3.0,0.3999252319335937,0.0004957574601963,2645.0,0.0252168938888359,393.0,0.0037467823434073,531.0,94.0,1,0
40.0,14,104927.0,104915.0,104859.0,0.0,0.4000053405761719,0.0006480696103004,3994.0,0.0380645591697084,311.0,0.0029639654235802,766.0,190.0,1,0
40.0,15,104554.0,104542.0,104489.0,1.0,0.3985977172851562,0.0006121238785699,4210.0,0.0402662738871779,443.0,0.0042370449719762,806.0,112.0,1,0
40.0,16,105088.0,105076.0,105033.0,2.0,0.4006767272949219,0.0005043392204628,3231.0,0.0307456607795371,478.0,0.004548568818514,410.0,151.0,1,0
40.0,17,104990.0,104978.0,104490.0,0.0,0.3985977172851562,0.0047623583198399,26274.0,0.2502524049909515,815.0,0.0077626440613391,3142.0,2719.0,4,3
40.0,18,104721.0,104709.0,104720.0,0.0,0.39947509765625,9.549183067388584e-06,21.0,0.0002005328444151,16.0,0.0001527869290782,119.0,2.0,0,0
40.0,19,104939.0,104927.0,104938.0,0.0,0.4003067016601562,9.529345619836288e-06,139.0,0.0013245790411572,52.0,0.0004955259722314,235.0,16.0,0,0
40.0,20,104868.0,104856.0,104860.0,0.0,0.4000091552734375,7.628637906701758e-05,371.0,0.0035377808292329,73.0,0.0006961132089865,418.0,15.0,0,0
40.0,21,104636.0,104624.0,104597.0,1.0,0.3990097045898437,0.0003631637295003,2247.0,0.0214744447417714,254.0,0.0024274628235024,531.0,93.0,1,0
40.0,22,104504.0,104492.0,104502.0,1.0,0.3986473083496094,9.569011712470337e-06,89.0,0.0008516420424098,46.0,0.0004401745387736,152.0,15.0,0,0
40.0,23,104784.0,104772.0,104602.0,0.0,0.3990249633789062,0.0017369063979233,9948.0,0.0949381584974805,540.0,0.005153458543289,1014.0,340.0,1,0
40.0,24,104967.0,104955.0,104583.0,0.0,0.3989524841308594,0.0036582926062476,19818.0,0.1888021949755637,540.0,0.0051444739775357,1834.0,230.0,1,0
40.0,25,104730.0,104718.0,104404.0,0.0,0.3982696533203125,0.0031127661606034,18659.0,0.1781628950634966,577.0,0.005509405137019,1831.0,112.0,1,0
40.0,26,105232.0,105220.0,105157.0,0.0,0.4011421203613281,0.0007127109624448,3833.0,0.0364242815873498,448.0,0.0042572601490041,701.0,105.0,1,0
40.0,27,105084.0,105072.0,104646.0,0.0,0.3991928100585937,0.0041680940961516,23503.0,0.2236591679037722,594.0,0.0056526207605344,1847.0,586.0,1,0
40.0,28,105099.0,105087.0,105078.0,1.0,0.4008445739746094,0.0001902967678093,1064.0,0.01012378804746,142.0,0.0013511070514467,458.0,169.0,0,0
40.0,29,104878.0,104866.0,104786.0,0.0,0.3997268676757812,0.00087720971033,4629.0,0.0441369972730219,357.0,0.003403955071607,760.0,233.0,1,0
40.0,30,105085.0,105073.0,104915.0,1.0,0.4002227783203125,0.0016082219155921,10372.0,0.098701051529714,411.0,0.003911119569872,1412.0,634.0,2,1
41.0,1,107002.0,106990.0,106998.0,1.0,0.4081687927246094,2.803685912412852e-05,464.0,0.0043363675445318,116.0,0.0010840918861329,353.0,66.0,0,0
41.0,2,107434.0,107422.0,107416.0,5.0,0.4097785949707031,0.0001210045237075,531.0,0.0049425693914403,123.0,0.0011448889550793,289.0,59.0,0,0
41.0,3,107244.0,107232.0,107162.0,3.0,0.4088020324707031,0.0007366379471112,4645.0,0.0433124463839468,306.0,0.0028533064786841,1018.0,249.0,2,1
41.0,4,107493.0,107481.0,107395.0,2.0,0.4096870422363281,0.0008930814099522,5296.0,0.0492683244490338,302.0,0.0028094852688082,1166.0,222.0,1,0
41.0,5,107284.0,107272.0,107019.0,0.0,0.4082450866699219,0.0024700794153834,13808.0,0.1287051191230752,750.0,0.006990790798255,929.0,343.0,1,0
41.0,6,107680.0,107668.0,107673.0,3.0,0.4107513427734375,3.714710252600297e-05,321.0,0.0029810549777117,68.0,0.000631500742942,264.0,90.0,0,0
41.0,7,107209.0,107197.0,107205.0,0.0,0.4089546203613281,3.73103004411943e-05,250.0,0.0023318937775746,58.0,0.0005409993563973,431.0,21.0,0,0
41.0,8,107250.0,107238.0,107249.0,0.0,0.4091224670410156,9.324009324009324e-06,32.0,0.0002983682983682,24.0,0.0002237762237762,159.0,10.0,0,0
41.0,9,107488.0,107476.0,107441.0,0.0,0.4098548889160156,0.0004372581125334,2442.0,0.0227188151235486,266.0,0.0024746948496576,626.0,131.0,1,0
41.0,10,107525.0,107513.0,107333.0,1.0,0.4094467163085937,0.001776331085794,10122.0,0.0941362473843292,437.0,0.0040641711229946,1747.0,343.0,2,1
41.0,11,107794.0,107782.0,107775.0,5.0,0.4111480712890625,0.0001298773586656,942.0,0.0087388908473569,164.0,0.0015214204872256,520.0,35.0,0,0
41.0,12,107582.0,107570.0,105552.0,133.0,0.4031562805175781,0.0176330612927813,101856.0,0.946775482887472,2492.0,0.0231637262739119,2000.0,658.0,1,0
41.0,13,107357.0,107345.0,107355.0,0.0,0.4095268249511719,1.862943264062893e-05,51.0,0.000475050532336,29.0,0.0002701267732891,127.0,8.0,0,0
41.0,14,107962.0,107950.0,105771.0,1.0,0.4034881591796875,0.0202849150627072,118080.0,1.093718160093366,1329.0,0.0123098868120264,4448.0,2064.0,2,1
41.0,15,107518.0,107506.0,107176.0,6.0,0.4088668823242187,0.0031250581298015,20265.0,0.1884800684536542,875.0,0.0081381722130247,1266.0,521.0,1,0
41.0,16,107605.0,107593.0,107582.0,1.0,0.4103965759277344,0.0002044514660099,1245.0,0.0115700943264718,185.0,0.0017192509641745,316.0,102.0,1,0
41.0,17,107370.0,107358.0,106288.0,10.0,0.4054946899414062,0.0099841668995063,59080.0,0.55024681009593,1015.0,0.0094532923535438,3179.0,963.0,1,0
41.0,18,107095.0,107083.0,106466.0,5.0,0.4061546325683594,0.0058266025491386,33172.0,0.3097436855128624,1373.0,0.0128203931089219,1508.0,542.0,1,0
41.0,19,107267.0,107255.0,107261.0,0.0,0.4091682434082031,5.593518976013126e-05,547.0,0.0050994247997986,110.0,0.0010254784789357,442.0,57.0,0,0
41.0,20,107187.0,107175.0,106228.0,0.0,0.4052276611328125,0.0089469805106962,51291.0,0.4785188502337037,1656.0,0.0154496347504828,2367.0,908.0,1,0
41.0,21,106904.0,106892.0,106805.0,0.0,0.4074287414550781,0.000926064506473,4548.0,0.042542842176158,428.0,0.0040035920077826,626.0,209.0,1,0
41.0,22,107872.0,107860.0,107069.0,13.0,0.4084854125976562,0.0073234945120142,40435.0,0.3748424058142984,828.0,0.0076757638682883,2374.0,1221.0,1,0
41.0,23,107373.0,107361.0,106258.0,0.0,0.4053421020507812,0.0103843610591116,56502.0,0.526221675840295,1863.0,0.0173507306306054,2000.0,566.0,1,0
41.0,24,107128.0,107116.0,107056.0,2.0,0.4083938598632812,0.0006534239414532,3365.0,0.0314110223284295,344.0,0.0032111119408557,835.0,100.0,1,0
41.0,25,107290.0,107278.0,105479.0,0.0,0.4023704528808594,0.0168794855065709,99342.0,0.9259204026470316,1476.0,0.013757106906515,3332.0,1036.0,1,0
41.0,26,107570.0,107558.0,107566.0,0.0,0.4103317260742187,3.718508877939946e-05,421.0,0.0039137305940317,113.0,0.001050478758018,324.0,26.0,0,0
41.0,27,107328.0,107316.0,106652.0,0.0,0.4068450927734375,0.0062984496124031,37224.0,0.346824686940966,1003.0,0.0093451848539057,1615.0,441.0,1,0
41.0,28,107516.0,107504.0,106378.0,1.0,0.4058036804199219,0.0105751702072249,60766.0,0.5651809963168273,814.0,0.0075709661817775,4014.0,2507.0,2,1
41.0,29,107007.0,106995.0,106767.0,1.0,0.40728759765625,0.0022334987430728,12897.0,0.120524825478707,572.0,0.0053454446905342,1282.0,257.0,1,0
41.0,30,107422.0,107410.0,105956.0,3.0,0.4042015075683594,0.013619184152222,81129.0,0.7552363575431476,1700.0,0.0158254361304015,2358.0,636.0,1,0
42.0,1,110361.0,110349.0,105889.0,2.0,0.4039421081542969,0.0405034387147633,242313.0,2.195639764047082,3938.0,0.0356828952256684,3550.0,976.0,1,0
42.0,2,109913.0,109901.0,106030.0,5.0,0.4044914245605469,0.0352824506655263,207341.0,1.8864101607635129,4032.0,0.0366835588146989,3137.0,1123.0,1,0
42.0,3,109859.0,109847.0,106312.0,4.0,0.4055633544921875,0.0322504300967603,190542.0,1.7344232152122263,2486.0,0.0226290062716755,4229.0,980.0,1,0
42.0,4,110429.0,110417.0,105255.0,168.0,0.4021568298339844,0.0453322949587517,272475.0,2.467422506769055,5691.0,0.0515353756712457,3003.0,743.0,1,0
42.0,5,110194.0,110182.0,106611.0,160.0,0.4072990417480469,0.0310633972811586,187232.0,1.6991124743633954,4478.0,0.0406374212752055,2997.0,1097.0,3,2
42.0,6,110396.0,110384.0,106133.0,111.0,0.4052886962890625,0.0376100583354469,232525.0,2.106281024674807,3588.0,0.0325011775788977,3307.0,908.0,1,0
42.0,7,109745.0,109733.0,105729.0,13.0,0.4033737182617187,0.0364754658526584,213929.0,1.949327987607636,3601.0,0.0328124288122465,3300.0,1655.0,1,0
42.0,8,110042.0,110030.0,110019.0,0.0,0.4196891784667969,0.0002090111048508,1646.0,0.0149579251558495,302.0,0.0027444066810854,681.0,66.0,1,0
42.0,9,110039.0,110027.0,109912.0,2.0,0.4192886352539062,0.0011359608865947,5792.0,0.0526358836412544,373.0,0.0033897072855987,868.0,366.0,1,0
42.0,10,110017.0,110005.0,106284.0,0.0,0.4054412841796875,0.0339311197360407,200272.0,1.8203732150485836,3987.0,0.03623985384077,2757.0,1167.0,1,0
42.0,11,110497.0,110485.0,105698.0,1.0,0.4032096862792969,0.0434219933572857,257742.0,2.332570115025747,4384.0,0.0396752853018634,3490.0,1001.0,1,0
42.0,12,109968.0,109956.0,106412.0,2.0,0.4059371948242187,0.0323184926524079,189812.0,1.726065764586061,2726.0,0.0247890295358649,3215.0,1424.0,1,0
42.0,13,110255.0,110243.0,106205.0,0.0,0.4051399230957031,0.0367330279805904,223650.0,2.0284794340392724,3993.0,0.0362160446238265,4288.0,1339.0,1,0
42.0,14,110331.0,110319.0,105779.0,2.0,0.4035224914550781,0.0412395428302109,243376.0,2.205871423262728,4446.0,0.0402969247083775,4108.0,1302.0,1,0
42.0,15,110406.0,110394.0,106047.0,4.0,0.4045524597167969,0.0394453200007246,230003.0,2.0832472872851118,4979.0,0.045097186747097,2989.0,841.0,1,0
42.0,16,109835.0,109823.0,109722.0,0.0,0.4185562133789062,0.0010288159511995,5927.0,0.0539627623253061,460.0,0.0041881003323166,919.0,110.0,1,0
42.0,17,109866.0,109854.0,105608.0,16.0,0.402923583984375,0.0386106711812571,224845.0,2.0465385105492144,4948.0,0.0450366810478218,3760.0,825.0,2,1
42.0,18,109763.0,109751.0,106908.0,1.0,0.4078254699707031,0.0260014759071818,155669.0,1.4182283647495058,3144.0,0.0286435319734336,3025.0,1130.0,1,0
42.0,19,110683.0,110671.0,107111.0,1.0,0.408599853515625,0.0322633105354932,193426.0,1.7475673771039817,3781.0,0.0341606208722206,3019.0,877.0,1,0
42.0,20,110074.0,110062.0,110065.0,2.0,0.4198722839355469,6.35935824990461e-05,400.0,0.0036339189999454,100.0,0.0009084797499863,220.0,38.0,0,0
42.0,21,109771.0,109759.0,106694.0,3.0,0.4070167541503906,0.0280037532681673,165560.0,1.5082307713330478,2884.0,0.0262728771715662,4087.0,2908.0,1,0
42.0,22,109922.0,109910.0,105778.0,0.0,0.4035110473632812,0.0376994596168192,220945.0,2.010016193300704,2923.0,0.0265915831225778,3705.0,1727.0,1,0
42.0,23,110308.0,110296.0,106075.0,2.0,0.4046516418457031,0.0383562388947311,224383.0,2.0341498350074336,3129.0,0.0283660296623998,4093.0,1124.0,1,0
42.0,24,110533.0,110521.0,106808.0,7.0,0.4074668884277344,0.0336370133806193,208362.0,1.8850659983896207,4021.0,0.0363782761709172,2925.0,1178.0,1,0
42.0,25,110464.0,110452.0,106725.0,3.0,0.407135009765625,0.0338209733487833,200835.0,1.8181036355735805,3433.0,0.0310779982618771,2840.0,1203.0,1,0
42.0,26,110450.0,110438.0,106581.0,4.0,0.4065895080566406,0.0349932095971027,208304.0,1.8859574468085107,2995.0,0.027116342236306,4122.0,905.0,2,1
42.0,27,109817.0,109805.0,105962.0,1.0,0.4042167663574219,0.0350947485362011,207429.0,1.888860558929856,3222.0,0.0293397197155267,3048.0,741.0,1,0
42.0,28,110188.0,110176.0,105656.0,0.0,0.403045654296875,0.0411297055940755,248536.0,2.255563219225324,3217.0,0.0291955566849384,3954.0,1019.0,2,1
42.0,29,110125.0,110113.0,105709.0,7.0,0.4032745361328125,0.0400363223609534,238904.0,2.16938933030647,3492.0,0.0317094211123723,5382.0,2102.0,1,0
42.0,30,110398.0,110386.0,106009.0,2.0,0.4043998718261719,0.0397380387325857,237909.0,2.1550118661569955,5397.0,0.0488867551948404,3164.0,772.0,1,0
43.0,1,113257.0,113245.0,106652.0,0.0,0.4068450927734375,0.0583186911184297,350769.0,3.097106580608704,7024.0,0.0620182416980848,3559.0,600.0,1,0
43.0,2,112443.0,112431.0,106528.0,1.0,0.4063758850097656,0.0525955372944514,317689.0,2.825333724642708,5391.0,0.047944291774499,4079.0,878.0,1,0
43.0,3,112557.0,112545.0,106220.0,1.0,0.4052009582519531,0.0562914789839814,338741.0,3.00950629458852,6616.0,0.0587791074744351,3689.0,1224.0,2,1
43.0,4,113076.0,113064.0,106684.0,1.0,0.4069709777832031,0.0565195090027945,346482.0,3.064151544094237,6639.0,0.0587127241855035,3347.0,747.0,1,0
43.0,5,112777.0,112765.0,106576.0,7.0,0.4065818786621094,0.0549225462638658,331942.0,2.9433483777720637,5624.0,0.0498683242150438,5090.0,845.0,2,1
43.0,6,112913.0,112901.0,106763.0,10.0,0.4073066711425781,0.0543781495487676,332996.0,2.949137831781992,8323.0,0.0737116186798685,3784.0,796.0,1,0
43.0,7,112623.0,112611.0,106645.0,1.0,0.4068222045898437,0.053070864743436,322827.0,2.866439359633467,5666.0,0.0503094394573044,3955.0,636.0,1,0
43.0,8,112995.0,112983.0,107128.0,0.0,0.408660888671875,0.0519226514447541,322691.0,2.8557989291561574,6129.0,0.0542413381123058,3124.0,689.0,1,0
43.0,9,112819.0,112807.0,106394.0,3.0,0.4058723449707031,0.0569230360134374,345554.0,3.062906070785949,6058.0,0.0536966291138903,3595.0,688.0,1,0
43.0,10,112919.0,112907.0,107037.0,7.0,0.4083404541015625,0.0520284451686607,319350.0,2.8281334407849874,5919.0,0.0524181050133281,2953.0,760.0,1,0
43.0,11,112975.0,112963.0,106569.0,3.0,0.4065399169921875,0.0566762558088072,343387.0,3.0394954635981413,6991.0,0.0618809471121929,3231.0,625.0,1,0
43.0,12,112692.0,112680.0,106691.0,1.0,0.4069976806640625,0.0532424661910339,321174.0,2.850015972739857,4892.0,0.043410357434423,3196.0,895.0,1,0
43.0,13,112780.0,112768.0,105586.0,1.0,0.4027824401855469,0.0637790388366731,377215.0,3.3446976414257845,6879.0,0.0609948572441922,3778.0,787.0,1,0
43.0,14,112883.0,112871.0,107258.0,0.0,0.4091567993164062,0.0498303553236536,306743.0,2.717353365874401,7321.0,0.0648547611243499,3023.0,727.0,1,0
43.0,15,112704.0,112692.0,105981.0,2.0,0.4042930603027344,0.0596340857467348,368714.0,3.271525411697899,7070.0,0.0627306927881885,4978.0,794.0,2,1
43.0,16,112521.0,112509.0,107690.0,1.0,0.4108085632324219,0.04292532060682,260166.0,2.312155064387981,6909.0,0.0614018716506252,2924.0,753.0,1,0
43.0,17,112301.0,112289.0,112299.0,1.0,0.4283905029296875,8.904640208012395e-06,81.0,0.000721275856849,30.0,0.0002671392062403,169.0,27.0,0,0
43.0,18,112621.0,112609.0,106426.0,1.0,0.4059867858886719,0.0549986237025066,334694.0,2.971861375764733,5520.0,0.0490139494410456,3969.0,712.0,1,0
43.0,19,112314.0,112302.0,107464.0,11.0,0.4099845886230469,0.0430845664832523,266692.0,2.374521430988122,7134.0,0.0635183503392275,2683.0,758.0,1,0
43.0,20,113132.0,113120.0,106234.0,7.0,0.4052772521972656,0.0609111480394583,370395.0,3.274007354241064,7150.0,0.0632005091397659,3868.0,732.0,1,0
43.0,21,112230.0,112218.0,107121.0,1.0,0.4086380004882812,0.0455136772698921,272115.0,2.424619085805934,4914.0,0.043785084202085,4568.0,647.0,3,2
43.0,22,112796.0,112784.0,106531.0,2.0,0.4063911437988281,0.0555250186176814,339470.0,3.0095925387425084,5032.0,0.044611511046491,4141.0,1249.0,1,0
43.0,23,113249.0,113237.0,106239.0,4.0,0.4052848815917969,0.0618636809155047,387276.0,3.4196858250403976,7499.0,0.0662169202377063,4178.0,610.0,1,0
43.0,24,112610.0,112598.0,106784.0,5.0,0.4073677062988281,0.0516916792469585,313718.0,2.7858804724269604,6447.0,0.0572506882159666,3308.0,734.0,2,1
43.0,25,112768.0,112756.0,105997.0,3.0,0.40435791015625,0.0600170261066969,369294.0,3.2748120034052213,5592.0,0.049588535754824,3994.0,674.0,1,0
43.0,26,112622.0,112610.0,107104.0,0.0,0.4085693359375,0.0489957557138037,297179.0,2.6387295555042534,5929.0,0.052645131501838,3749.0,752.0,1,0
43.0,27,112800.0,112788.0,106089.0,0.0,0.4046974182128906,0.0594946808510638,359132.0,3.183794326241135,6479.0,0.0574379432624113,3647.0,670.0,1,0
43.0,28,113142.0,113130.0,106522.0,4.0,0.4063644409179687,0.0584751904686146,353171.0,3.121484506195754,6342.0,0.0560534549504162,3146.0,697.0,1,0
43.0,29,112813.0,112801.0,106762.0,12.0,0.4073104858398437,0.0535310646822618,325355.0,2.8840204586350864,4376.0,0.0387898557790325,3073.0,895.0,1,0
43.0,30,112629.0,112617.0,106200.0,2.0,0.4051284790039062,0.0570634561258645,343591.0,3.050644150263253,5537.0,0.0491614060321941,3461.0,640.0,1,0
44.0,1,115504.0,115492.0,107263.0,54.0,0.4093818664550781,0.0708806621415708,442874.0,3.834274137692201,9265.0,0.0802136722537747,3216.0,565.0,1,0
44.0,2,115768.0,115756.0,107082.0,1.0,0.4084892272949219,0.0750207311174072,464353.0,4.011065233916108,9315.0,0.0804626494368046,3745.0,569.0,1,0
44.0,3,115143.0,115131.0,106545.0,5.0,0.4064559936523437,0.0746289396663279,472755.0,4.105807561032803,8568.0,0.0744118183476199,3846.0,566.0,1,0
44.0,4,115263.0,115251.0,107159.0,2.0,0.4087867736816406,0.0702914204905303,434523.0,3.769839410738919,9709.0,0.0842334487216192,3574.0,609.0,1,0
44.0,5,115350.0,115338.0,107185.0,0.0,0.4088783264160156,0.0707845687039445,431997.0,3.7450975292587776,7129.0,0.0618032076289553,3509.0,724.0,1,0
44.0,6,115672.0,115660.0,106866.0,3.0,0.4076728820800781,0.0761031191645342,475338.0,4.109360951656408,8396.0,0.0725845494155889,3817.0,665.0,1,0
44.0,7,115354.0,115342.0,106748.0,23.0,0.4072990417480469,0.0744057423236298,465895.0,4.038828302442915,9218.0,0.0799105362622882,3971.0,770.0,1,0
44.0,8,115366.0,115354.0,107125.0,2.0,0.4086570739746094,0.0714161884784078,446486.0,3.870169720714942,8067.0,0.0699252812787129,3271.0,644.0,1,0
44.0,9,115674.0,115662.0,106387.0,0.0,0.4058341979980469,0.0802859761052613,491605.0,4.24991787264208,7971.0,0.0689091757871258,4670.0,647.0,2,1
44.0,10,115631.0,115619.0,108104.0,0.0,0.412384033203125,0.0650950004756509,409340.0,3.540054137731232,7867.0,0.0680353884338974,3643.0,572.0,1,0
44.0,11,115502.0,115490.0,107563.0,4.0,0.4103355407714844,0.0687001090890201,426886.0,3.695918685390729,9093.0,0.0787259095080604,3564.0,679.0,1,0
44.0,12,115103.0,115091.0,106764.0,12.0,0.407318115234375,0.0723439006802603,449567.0,3.905780040485478,7664.0,0.066583842297768,3310.0,596.0,1,0
44.0,13,115316.0,115304.0,106859.0,1.0,0.4076385498046875,0.073328939609421,453814.0,3.935394914842693,9253.0,0.0802403829477262,3516.0,608.0,1,0
44.0,14,115661.0,115649.0,107177.0,4.0,0.4088630676269531,0.0733177129715288,453970.0,3.925004971425113,8660.0,0.0748739851808301,3916.0,662.0,1,0
44.0,15,115186.0,115174.0,106065.0,2.0,0.4046134948730469,0.079167607174483,487681.0,4.23385654506624,8694.0,0.0754779226642126,3856.0,580.0,1,0
44.0,16,115317.0,115305.0,106874.0,2.0,0.4076995849609375,0.0731982274946451,460331.0,3.9918745718324273,8132.0,0.0705186572664915,4107.0,655.0,1,0
44.0,17,115309.0,115297.0,107081.0,0.0,0.4084815979003906,0.07135609536116,447764.0,3.883166101518528,7617.0,0.0660572895437476,3507.0,763.0,1,0
44.0,18,115645.0,115633.0,107013.0,28.0,0.4083290100097656,0.0744001037658351,463615.0,4.008949803277271,9770.0,0.0844826840762678,3462.0,542.0,1,0
44.0,19,115465.0,115453.0,106932.0,2.0,0.4079208374023437,0.0738838609102325,460557.0,3.98871519508076,7251.0,0.0627982505521153,4166.0,697.0,1,0
44.0,20,115324.0,115312.0,106265.0,4.0,0.4053840637207031,0.0785179147445458,486576.0,4.219208490860532,8049.0,0.0697946654642572,4227.0,611.0,1,0
44.0,21,115298.0,115286.0,106502.0,0.0,0.4062728881835937,0.0762892678103696,470346.0,4.079394265295148,8057.0,0.0698797897621814,3927.0,672.0,1,0
44.0,22,115521.0,115509.0,106999.0,0.0,0.4081687927246094,0.0737701370313622,456100.0,3.948199894391496,9029.0,0.0781589494550774,3076.0,647.0,1,0
44.0,23,115465.0,115453.0,106344.0,40.0,0.40582275390625,0.078647209110986,487582.0,4.2227688043996014,8578.0,0.0742909106655696,3435.0,706.0,1,0
44.0,24,115785.0,115773.0,105974.0,8.0,0.4042892456054687,0.0846655438960141,521535.0,4.504339940406789,9439.0,0.0815217860690072,4186.0,535.0,1,0
44.0,25,115041.0,115029.0,107844.0,1.0,0.4113960266113281,0.0625516120339705,385143.0,3.3478759746525157,8432.0,0.0732956076529237,3815.0,689.0,1,0
44.0,26,115498.0,115486.0,106926.0,0.0,0.4078903198242187,0.074217735372041,469442.0,4.064503281442103,7352.0,0.0636547819009853,4267.0,640.0,1,0
44.0,27,115714.0,115702.0,106913.0,1.0,0.4078445434570312,0.0760495704927666,470659.0,4.067433499835802,7514.0,0.0649359628048464,3957.0,677.0,1,0
44.0,28,115133.0,115121.0,107031.0,3.0,0.4083023071289062,0.0703447317450253,439391.0,3.816377580711004,9157.0,0.0795341040362016,3511.0,625.0,1,0
44.0,29,114939.0,114927.0,107527.0,10.0,0.4102210998535156,0.0643993770608757,403359.0,3.5093310364628194,6745.0,0.0586833015773584,3311.0,796.0,1,0
44.0,30,115463.0,115451.0,107180.0,5.0,0.4088783264160156,0.0716939625680954,447240.0,3.873448637225778,8528.0,0.0738591583450975,3897.0,552.0,1,0
45.0,1,118077.0,118065.0,107160.0,1.0,0.4087867736816406,0.0924481482422487,596178.0,5.049061205823318,9787.0,0.0828865909533609,3725.0,566.0,1,0
45.0,2,117925.0,117913.0,107769.0,1.0,0.4111099243164062,0.0861140555437778,553764.0,4.695899936400254,9919.0,0.0841127835488658,4396.0,644.0,1,0
45.0,3,117739.0,117727.0,106658.0,0.0,0.4068679809570312,0.0941149491672258,593468.0,5.04053881891302,10499.0,0.0891718122287432,3740.0,576.0,1,0
45.0,4,117789.0,117777.0,107613.0,3.0,0.4105224609375,0.0863662990601839,556497.0,4.7245243613580215,9968.0,0.0846258988530338,4485.0,532.0,1,0
45.0,5,117979.0,117967.0,107538.0,0.0,0.4102249145507812,0.0884988006340111,566345.0,4.800388204680494,9168.0,0.0777087447766127,3822.0,536.0,1,0
45.0,6,117909.0,117897.0,108016.0,1.0,0.4120521545410156,0.0838952073209,533553.0,4.525125308500623,8869.0,0.075219024841191,4081.0,490.0,1,0
45.0,7,118040.0,118028.0,106845.0,0.0,0.4075813293457031,0.0948407319552694,598906.0,5.073754659437479,9728.0,0.0824127414435784,4094.0,527.0,1,0
45.0,8,118082.0,118070.0,107900.0,0.0,0.4116058349609375,0.0862282142917633,552539.0,4.679282193729781,9890.0,0.0837553564472146,3707.0,530.0,1,0
45.0,9,117784.0,117772.0,106285.0,6.0,0.4054679870605469,0.0975769204645792,629908.0,5.347992936222237,10621.0,0.0901735380017659,3820.0,498.0,1,0
45.0,10,118068.0,118056.0,107371.0,2.0,0.4095954895019531,0.0905833926212013,580609.0,4.91758139377308,9963.0,0.0843835755666226,3657.0,533.0,1,0
45.0,11,118211.0,118199.0,106918.0,2.0,0.407867431640625,0.0955156457520873,618249.0,5.230046273189466,10476.0,0.0886211943050985,4767.0,508.0,2,1
45.0,12,117237.0,117225.0,107089.0,29.0,0.4086227416992187,0.0863123416668799,548438.0,4.678028267526464,9012.0,0.0768699301415082,4569.0,533.0,1,0
45.0,13,118002.0,117990.0,107166.0,0.0,0.4088058471679687,0.0918289520516601,580709.0,4.921179302045728,9977.0,0.0845494144167048,3910.0,568.0,1,0
45.0,14,118110.0,118098.0,107272.0,0.0,0.409210205078125,0.091761916857167,586001.0,4.961485056303446,9970.0,0.0844128354923376,3687.0,545.0,1,0
45.0,15,117991.0,117979.0,107966.0,3.0,0.4118690490722656,0.0849386817638633,537845.0,4.558356145807731,10005.0,0.0847946029781932,4263.0,597.0,1,0
45.0,16,117748.0,117736.0,107372.0,4.0,0.40960693359375,0.0880864218500526,552014.0,4.688096613105955,10092.0,0.0857084621394843,3908.0,579.0,1,0
45.0,17,117975.0,117963.0,107641.0,0.0,0.4106178283691406,0.0875948294130112,559478.0,4.742343716889171,10477.0,0.0888069506251324,5776.0,535.0,1,0
45.0,18,117786.0,117774.0,107028.0,11.0,0.4083213806152344,0.0912417435009254,584566.0,4.962949756337765,10074.0,0.0855279914421068,3776.0,555.0,1,0
45.0,19,118050.0,118038.0,107474.0,0.0,0.4099807739257812,0.0895891571368064,571467.0,4.8408894536213465,9238.0,0.0782549767047861,3926.0,516.0,1,0
45.0,20,117671.0,117659.0,106744.0,0.0,0.407196044921875,0.0928606028673165,594890.0,5.055536198383629,10849.0,0.0921977377603657,4316.0,535.0,2,1
45.0,21,117667.0,117655.0,106557.0,1.0,0.4064865112304687,0.0944104974206871,591688.0,5.028495669983938,8982.0,0.0763340613765966,4635.0,532.0,1,0
45.0,22,117419.0,117407.0,106631.0,2.0,0.4067726135253906,0.0918590688048782,576388.0,4.908813735426124,8925.0,0.0760098450846966,4329.0,571.0,1,0
45.0,23,117460.0,117448.0,106561.0,0.0,0.4064979553222656,0.0927890345649582,594413.0,5.060556785288609,9352.0,0.0796185935637663,3883.0,535.0,1,0
45.0,24,118265.0,118253.0,107285.0,0.0,0.4092597961425781,0.0928423455798418,591256.0,4.99941656449499,9929.0,0.0839555236122267,4016.0,471.0,1,0
45.0,25,117931.0,117919.0,107968.0,0.0,0.411865234375,0.0844816036495917,539650.0,4.575980870169845,9819.0,0.0832605506609797,4027.0,536.0,1,0
45.0,26,117882.0,117870.0,107445.0,3.0,0.409881591796875,0.0885122410546139,567595.0,4.814942060704772,10863.0,0.0921514735074057,4119.0,594.0,2,1
45.0,27,117346.0,117334.0,107703.0,75.0,0.4111404418945312,0.0815366522932183,514290.0,4.382680278833535,8801.0,0.0750004260903652,3317.0,557.0,1,0
45.0,28,118008.0,117996.0,107156.0,0.0,0.4087677001953125,0.0919598671276523,590039.0,4.9999915259982375,10124.0,0.0857907938444851,3996.0,534.0,1,0
45.0,29,117837.0,117825.0,106658.0,5.0,0.4068870544433594,0.0948259035786722,612863.0,5.200938584655074,10003.0,0.0848884476013476,4230.0,544.0,1,0
45.0,30,118096.0,118084.0,106996.0,1.0,0.4081611633300781,0.0939828614008942,601389.0,5.092374000812898,10200.0,0.0863704105134805,4122.0,568.0,1,0
50.0,1,131124.0,131112.0,108653.0,3.0,0.41448974609375,0.1713492571916659,1204385.0,9.185084347640402,14861.0,0.1133354687166346,5676.0,423.0,1,0
50.0,2,131174.0,131162.0,108340.0,1.0,0.4132881164550781,0.1740665070821961,1223630.0,9.328296766127432,15136.0,0.1153887203256743,4849.0,410.0,1,0
50.0,3,130932.0,130920.0,108187.0,2.0,0.4127082824707031,0.1737008523508386,1220517.0,9.321762441572725,15476.0,0.1181987596615036,4625.0,428.0,1,0
50.0,4,130875.0,130863.0,107895.0,4.0,0.4116020202636719,0.175556829035339,1227789.0,9.38138681948424,14739.0,0.1126189111747851,4868.0,402.0,1,0
50.0,5,131241.0,131229.0,108176.0,0.0,0.41265869140625,0.1757453844454096,1241610.0,9.460534436647084,15948.0,0.1215169040162754,6418.0,406.0,2,1
50.0,6,131056.0,131044.0,107946.0,47.0,0.4119606018066406,0.1759782077890367,1238855.0,9.452867476498596,15400.0,0.1175070198998901,4927.0,410.0,1,0
50.0,7,130993.0,130981.0,108089.0,2.0,0.4123344421386719,0.1748337697434214,1239512.0,9.46242929011474,15008.0,0.1145710076110937,4969.0,418.0,1,0
50.0,8,131050.0,131038.0,107479.0,2.0,0.4100074768066406,0.1798473864937047,1282763.0,9.788347958794354,15248.0,0.1163525371995421,5699.0,413.0,1,0
50.0,9,131112.0,131100.0,107917.0,1.0,0.4116744995117187,0.1769021904936237,1236784.0,9.433034352309477,15856.0,0.1209347733235707,5518.0,428.0,1,0
50.0,10,130924.0,130912.0,108686.0,2.0,0.41461181640625,0.1698389905594085,1197126.0,9.14367113745379,14485.0,0.1106367052641227,5230.0,394.0,3,2
50.0,11,130991.0,130979.0,108129.0,0.0,0.4124794006347656,0.1745310746539838,1228096.0,9.3754227389668,14188.0,0.1083127848478139,5194.0,405.0,1,0
50.0,12,130877.0,130865.0,107541.0,9.0,0.4102706909179687,0.1782360536992749,1260488.0,9.631088732168372,14657.0,0.1119906477073893,6004.0,406.0,2,1
50.0,13,130849.0,130837.0,108055.0,0.0,0.4121971130371094,0.1742007963377633,1214214.0,9.27950538406866,15563.0,0.1189386239100031,5451.0,418.0,1,0
50.0,14,130724.0,130712.0,107787.0,1.0,0.4111785888671875,0.1754536274899789,1236947.0,9.462279306018788,15514.0,0.1186775190477647,5271.0,415.0,1,0
50.0,15,131061.0,131049.0,107916.0,10.0,0.4117050170898437,0.1765208567003151,1238953.0,9.453254591373485,15377.0,0.117327046184601,5411.0,395.0,1,0
50.0,16,131534.0,131522.0,108147.0,4.0,0.4125633239746094,0.177771526753539,1244997.0,9.465210515912236,15683.0,0.1192315294904739,5411.0,400.0,1,0
50.0,17,131533.0,131521.0,108179.0,0.0,0.4126701354980469,0.1775524012985334,1264639.0,9.614613823147042,15591.0,0.1185329917207088,6692.0,406.0,2,1
50.0,18,131124.0,131112.0,107299.0,51.0,0.4095077514648437,0.1813092950184558,1268968.0,9.677618132454777,15544.0,0.1185442786980262,5683.0,423.0,1,0
50.0,19,131269.0,131257.0,108337.0,0.0,0.4132728576660156,0.1746947108609039,1232340.0,9.38789813284172,15235.0,0.1160593894979012,6086.0,414.0,1,0
50.0,20,131185.0,131173.0,108545.0,1.0,0.4140701293945312,0.1725730838129359,1224384.0,9.333262186987842,15466.0,0.1178945763616267,5090.0,415.0,1,0
50.0,21,130860.0,130848.0,107853.0,5.0,0.4114456176757812,0.1757756380865046,1233540.0,9.426409903713893,15123.0,0.1155662540119211,5373.0,419.0,1,0
50.0,22,131596.0,131584.0,108600.0,1.0,0.4142799377441406,0.1747393537797501,1225286.0,9.31096689868993,14948.0,0.1135900787257971,5339.0,405.0,1,0
50.0,23,130747.0,130735.0,108054.0,2.0,0.412200927734375,0.1735489150802695,1215925.0,9.299830971265116,15471.0,0.1183277627784958,5085.0,410.0,1,0
50.0,24,130814.0,130802.0,107705.0,0.0,0.4108619689941406,0.1766554038558564,1240476.0,9.482746495023468,15403.0,0.1177473359120583,5827.0,423.0,1,0
50.0,25,131155.0,131143.0,108349.0,0.0,0.4133186340332031,0.1738858602416987,1228373.0,9.365811444474096,15166.0,0.1156341733063932,4888.0,408.0,1,0
50.0,26,131177.0,131165.0,108570.0,3.0,0.4141731262207031,0.1723167933402959,1219176.0,9.294129306204594,14924.0,0.1137699444262332,5046.0,407.0,1,0
50.0,27,131373.0,131361.0,108093.0,0.0,0.4123420715332031,0.1772053618323399,1247854.0,9.498557542265154,15536.0,0.1182586985149155,5542.0,405.0,1,0
50.0,28,130797.0,130785.0,108224.0,2.0,0.4128494262695312,0.1725651199951069,1212360.0,9.269019931649808,14388.0,0.1100025229936466,5008.0,407.0,1,0
50.0,29,130964.0,130952.0,108764.0,0.0,0.4149017333984375,0.1695122323692006,1194471.0,9.120605662624843,14769.0,0.112771448642375,4962.0,405.0,1,0
50.0,30,131037.0,131025.0,108511.0,0.0,0.4139366149902344,0.1719056449705045,1213899.0,9.263788090386685,15115.0,0.115349099872555,4580.0,400.0,1,0
55.0,1,143883.0,143871.0,108691.0,37.0,0.414764404296875,0.2443304629455877,1887794.0,13.120340832481949,19972.0,0.1388072253150128,5862.0,360.0,1,0
55.0,2,143976.0,143964.0,108530.0,0.0,0.4140090942382812,0.2461938100794576,1902522.0,13.214160693448909,19354.0,0.1344251819747735,5790.0,355.0,1,0
55.0,3,144362.0,144350.0,109495.0,0.0,0.4176902770996094,0.2415247779886673,1862447.0,12.90122746983278,19589.0,0.1356936035798894,5259.0,355.0,1,0
55.0,4,144077.0,144065.0,109052.0,42.0,0.4161605834960937,0.2428076653456138,1882317.0,13.064659869375404,19608.0,0.1360938942371093,5275.0,366.0,1,0
55.0,5,144338.0,144326.0,108101.0,0.0,0.4123725891113281,0.2510565478252435,1951788.0,13.52234338843548,20195.0,0.1399146447920852,8303.0,364.0,3,2
55.0,6,144022.0,144010.0,108248.0,32.0,0.413055419921875,0.2481704184082987,1924636.0,13.363486134062851,19757.0,0.1371804307675216,5774.0,367.0,1,0
55.0,7,143891.0,143879.0,108561.0,0.0,0.4141273498535156,0.2455330771208762,1894810.0,13.16837050267216,20048.0,0.1393276855397488,6348.0,360.0,1,0
55.0,8,144062.0,144050.0,108166.0,0.0,0.4126205444335937,0.2491704960364287,1926046.0,13.369563104774333,19660.0,0.1364690202829337,6055.0,360.0,1,0
55.0,9,144130.0,144118.0,108331.0,1.0,0.4132537841796875,0.2483729966002914,1920502.0,13.324790120030528,19982.0,0.1386387289252758,5744.0,357.0,1,0
55.0,10,144415.0,144403.0,108046.0,0.0,0.4121627807617187,0.2518367205622684,1958968.0,13.564851296610463,19201.0,0.132957102794031,6723.0,352.0,1,0
55.0,11,143694.0,143682.0,108199.0,0.0,0.4127464294433594,0.2470179687391262,1906273.0,13.266197614374992,19944.0,0.1387949392458975,6057.0,362.0,1,0
55.0,12,143836.0,143824.0,108880.0,2.0,0.4153518676757812,0.2430128757751884,1864228.0,12.960788675992102,20493.0,0.1424747629244417,5957.0,361.0,1,0
55.0,13,144100.0,144088.0,109490.0,0.0,0.4176712036132812,0.2401804302567661,1861653.0,12.919174184594032,20336.0,0.1411242192921582,5780.0,369.0,1,0
55.0,14,144744.0,144732.0,108361.0,3.0,0.4133758544921875,0.2513402973525673,1957019.0,13.520553528989112,20049.0,0.1385135135135135,6447.0,358.0,1,0
55.0,15,143921.0,143909.0,108422.0,4.0,0.4136123657226562,0.2466283586134059,1917296.0,13.321864078209574,19946.0,0.1385899208593603,5925.0,363.0,1,0
55.0,16,144190.0,144178.0,108913.0,6.0,0.4154930114746094,0.2446147444344268,1890385.0,13.110375199389694,19993.0,0.1386573271378043,6151.0,354.0,1,0
55.0,17,144217.0,144205.0,108544.0,1.0,0.4140663146972656,0.2473494802970523,1918686.0,13.30415970377972,20081.0,0.1392415595942226,6421.0,359.0,1,0
55.0,18,143871.0,143859.0,108296.0,6.0,0.4131393432617187,0.2472284199039417,1907057.0,13.25532595172064,20122.0,0.1398614036185193,6320.0,376.0,1,0
55.0,19,144668.0,144656.0,108110.0,1.0,0.4124107360839844,0.2526958276882241,1969813.0,13.616093400060828,19968.0,0.1380263776370724,6088.0,363.0,1,0
55.0,20,144051.0,144039.0,108488.0,3.0,0.4138603210449219,0.2468570159179735,1892094.0,13.134889726555178,19791.0,0.1373888414519857,6762.0,363.0,1,0
55.0,21,144110.0,144098.0,108857.0,20.0,0.4153327941894531,0.2444868503226701,1879265.0,13.040489903545902,19829.0,0.1375962806189716,5641.0,367.0,1,0
55.0,22,143914.0,143902.0,108576.0,1.0,0.4141883850097656,0.245542476756952,1896260.0,13.176341426129492,19474.0,0.1353169253859944,6458.0,360.0,1,0
55.0,23,144482.0,144470.0,108860.0,0.0,0.4152679443359375,0.2465497432206088,1915950.0,13.26082141720076,19311.0,0.1336567876967373,6172.0,360.0,1,0
55.0,24,144475.0,144463.0,108290.0,8.0,0.4131240844726562,0.2504031839418584,1946397.0,13.472206264059526,19083.0,0.1320851358366499,6547.0,365.0,1,0
55.0,25,143534.0,143522.0,108246.0,0.0,0.4129257202148437,0.2458511572171053,1891119.0,13.17540791728789,19957.0,0.1390402274025666,7018.0,351.0,2,1
55.0,26,144799.0,144787.0,108666.0,1.0,0.4145317077636719,0.2495321100283841,1921553.0,13.270485293406722,19443.0,0.1342757891974392,7495.0,360.0,2,1
55.0,27,143962.0,143950.0,108909.0,6.0,0.4154777526855469,0.2434461871882857,1878889.0,13.05128436670788,20294.0,0.1409677553798919,6033.0,371.0,1,0
55.0,28,143977.0,143965.0,108383.0,0.0,0.4134483337402344,0.247220042090056,1912194.0,13.28124631017454,19941.0,0.1385012884002306,5798.0,369.0,1,0
55.0,29,144326.0,144314.0,108868.0,1.0,0.4153022766113281,0.2456729903135956,1891273.0,13.104173884123442,20157.0,0.1396629851863143,5986.0,361.0,1,0
55.0,30,144676.0,144664.0,108323.0,0.0,0.4132194519042969,0.2512718073488346,1949092.0,13.472117006276092,19875.0,0.137375929663524,7673.0,346.0,1,0
60.0,1,157143.0,157131.0,108544.0,106.0,0.4144668579101562,0.3085915376440566,2594090.0,16.507830447426866,24093.0,0.1533189515282259,6567.0,329.0,1,0
60.0,2,157372.0,157360.0,108083.0,0.0,0.4123039245605469,0.3132005693516,2637014.0,16.756564064763744,23635.0,0.1501855476196528,7390.0,343.0,1,0
60.0,3,157075.0,157063.0,108924.0,5.0,0.4155311584472656,0.3065159955435301,2579621.0,16.422861690275347,23161.0,0.1474518542097724,6556.0,329.0,1,0
60.0,4,157586.0,157574.0,108601.0,3.0,0.4142913818359375,0.3108271039305522,2650646.0,16.820313987283136,25256.0,0.160268044115594,6806.0,338.0,1,0
60.0,5,157340.0,157328.0,108923.0,3.0,0.4155197143554687,0.3077030634295157,2602168.0,16.538502605821787,24412.0,0.155154442608364,7242.0,334.0,1,0
60.0,6,157293.0,157281.0,108853.0,1.0,0.4152450561523437,0.3079539458208566,2598450.0,16.519806984417617,24603.0,0.1564150979382426,7236.0,334.0,1,0
60.0,7,157083.0,157071.0,108701.0,7.0,0.4146881103515625,0.3079582131739272,2596334.0,16.528421280469562,24352.0,0.1550263236632862,6745.0,335.0,1,0
60.0,8,157034.0,157022.0,108830.0,4.0,0.4151687622070312,0.306939898365959,2572235.0,16.380115134302127,24336.0,0.1549728084363895,7842.0,336.0,1,0
60.0,9,157583.0,157571.0,108144.0,2.0,0.4125442504882812,0.3137203886205999,2647259.0,16.799140770260752,24954.0,0.158354644853823,7131.0,333.0,1,0
60.0,10,157374.0,157362.0,109093.0,0.0,0.4161567687988281,0.3067914649179661,2562544.0,16.283147152642748,23795.0,0.1512003253396368,6956.0,325.0,2,1
60.0,11,157324.0,157312.0,108677.0,0.0,0.4145698547363281,0.3092153771833922,2614691.0,16.619784648241843,23601.0,0.1500152551422542,6507.0,325.0,1,0
60.0,12,157567.0,157555.0,108502.0,0.0,0.4139022827148437,0.311391344634346,2630473.0,16.694314164768002,24776.0,0.1572410466658627,7128.0,334.0,1,0
60.0,13,157079.0,157067.0,109138.0,0.0,0.4163284301757812,0.3052031143564703,2574661.0,16.390867015960122,23967.0,0.1525792753964565,6559.0,335.0,1,0
60.0,14,157437.0,157425.0,108979.0,69.0,0.415985107421875,0.3073546879069088,2598899.0,16.507549051366578,24130.0,0.1532676562688567,6273.0,334.0,1,0
60.0,15,157483.0,157471.0,108991.0,0.0,0.4157676696777344,0.3079189499819028,2581568.0,16.39267730485195,23801.0,0.1511337731691674,6488.0,338.0,1,0
60.0,16,157320.0,157308.0,109211.0,2.0,0.4166145324707031,0.305790744978388,2562610.0,16.28915586066616,24591.0,0.1563119755911517,6425.0,336.0,1,0
60.0,17,156861.0,156849.0,109005.0,0.0,0.4158210754394531,0.305085394075009,2553854.0,16.281000376129185,23721.0,0.1512230573565131,6226.0,329.0,1,0
60.0,18,157274.0,157262.0,108537.0,52.0,0.4142341613769531,0.3095552983964291,2610759.0,16.60006739829851,24129.0,0.1534201457329247,6642.0,334.0,1,0
60.0,19,157303.0,157291.0,108016.0,0.0,0.41204833984375,0.313325238552348,2641975.0,16.795452089279923,24081.0,0.1530867179901209,7252.0,336.0,1,0
60.0,20,157204.0,157192.0,109073.0,0.0,0.4160804748535156,0.3061690542225389,2584235.0,16.438735655581283,24378.0,0.1550723900155212,6991.0,338.0,1,0
60.0,21,157017.0,157005.0,107924.0,0.0,0.4116973876953125,0.3126604125667921,2628614.0,16.740951616703924,24247.0,0.154422769509034,6835.0,335.0,1,0
60.0,22,156758.0,156746.0,109137.0,0.0,0.4163246154785156,0.3037867285880146,2561575.0,16.340952295895583,24171.0,0.1541930874341341,6099.0,332.0,1,0
60.0,23,156965.0,156953.0,108916.0,0.0,0.4154815673828125,0.3061128277004428,2576521.0,16.41462109387443,23555.0,0.1500653011817921,6899.0,334.0,1,0
60.0,24,157535.0,157523.0,108038.0,7.0,0.4121589660644531,0.3141524105754277,2671582.0,16.95865680642397,23815.0,0.1511727552607357,8675.0,331.0,2,1
60.0,25,157219.0,157207.0,109210.0,1.0,0.4166069030761719,0.3053574949592606,2578338.0,16.399659074284916,23711.0,0.1508151050445557,8056.0,336.0,2,1
60.0,26,157398.0,157386.0,108587.0,50.0,0.4144172668457031,0.3097942794698789,2619226.0,16.64078323739819,23930.0,0.152034968678128,6856.0,333.0,1,0
60.0,27,157177.0,157165.0,109493.0,1.0,0.4176864624023437,0.3033713584048557,2559114.0,16.281733332485032,24222.0,0.154106516856792,6750.0,335.0,1,0
60.0,28,156428.0,156416.0,108290.0,115.0,0.4135322570800781,0.3069974684839031,2576946.0,16.47368757511443,23912.0,0.1528626588590278,8154.0,335.0,2,1
60.0,29,157010.0,156998.0,108693.0,0.0,0.4146308898925781,0.3077319915928921,2575324.0,16.402292847589326,23809.0,0.1516400229284759,7264.0,332.0,1,0
60.0,30,157246.0,157234.0,108629.0,0.0,0.4143867492675781,0.309177975910357,2596684.0,16.51351385726823,23722.0,0.1508591633491472,7134.0,341.0,1,0
